id,first_name,last_name,email,gender,ip_address,message
1,Lutero,Stearns,lstearns0@ning.com,Male,50.166.233.254,vestibulum vestibulum ante ipsum primis in faucibus orci luctus et ultrices posuere cubilia curae nulla dapibus dolor
2,Nora,Illyes,nillyes1@harvard.edu,Female,92.150.59.96,consequat morbi a ipsum integer a nibh in quis justo maecenas rhoncus aliquam lacus
3,Trista,Purton,tpurton2@bluehost.com,Female,210.64.4.237,neque duis bibendum morbi non quam nec dui luctus rutrum nulla tellus in sagittis dui
4,Morlee,Summerton,msummerton3@youtube.com,Male,221.95.67.170,quam a odio in hac habitasse platea dictumst maecenas ut massa quis augue luctus tincidunt nulla mollis molestie
5,Adler,Steptow,asteptow4@bizjournals.com,Male,215.156.252.103,quis tortor id nulla ultrices aliquet maecenas leo odio condimentum
6,Susanetta,Peach,speach5@about.com,Female,199.21.109.212,a pede posuere nonummy integer non velit donec diam neque vestibulum eget vulputate ut ultrices vel augue vestibulum
7,Waring,Rouby,wrouby6@ihg.com,Male,199.21.3.154,parturient montes nascetur ridiculus mus etiam vel augue vestibulum rutrum rutrum neque aenean auctor gravida
8,Farra,Adanet,fadanet7@4shared.com,Female,11.117.37.31,sociis natoque penatibus et magnis dis parturient montes nascetur ridiculus
9,Zonnya,Van,zvan8@ftc.gov,Female,66.253.168.84,magna ac consequat metus sapien ut nunc vestibulum ante ipsum primis in faucibus
10,Jonathan,Cherrett,jcherrett9@admin.ch,Male,28.20.34.252,laoreet ut rhoncus aliquet pulvinar sed nisl nunc rhoncus dui vel sem sed
11,Ramona,Rispine,rrispinea@cnet.com,Female,149.48.48.207,in purus eu magna vulputate luctus cum sociis natoque penatibus et magnis dis parturient montes nascetur
12,Bidget,Tanby,btanbyb@miitbeian.gov.cn,Bigender,86.185.76.82,lacus morbi quis tortor id nulla ultrices aliquet maecenas leo odio condimentum id luctus nec
13,Tim,Juanico,tjuanicoc@nsw.gov.au,Male,100.231.76.87,lorem ipsum dolor sit amet consectetuer adipiscing elit proin interdum
14,Mariann,Valentelli,mvalentellid@nature.com,Female,236.199.109.232,cras pellentesque volutpat dui maecenas tristique est et tempus semper est quam pharetra magna ac consequat
15,Francois,Macek,fmaceke@ning.com,Male,134.86.61.194,interdum in ante vestibulum ante ipsum primis in faucibus orci luctus et ultrices posuere cubilia
16,Lise,Stuehmeier,lstuehmeierf@narod.ru,Female,201.135.223.48,magnis dis parturient montes nascetur ridiculus mus vivamus vestibulum sagittis sapien cum sociis natoque penatibus et magnis
17,Jule,Coley,jcoleyg@cnet.com,Male,50.18.145.153,sapien in sapien iaculis congue vivamus metus arcu adipiscing molestie
18,Shelia,Condy,scondyh@businessinsider.com,Bigender,133.163.110.102,lobortis ligula sit amet eleifend pede libero quis orci nullam molestie nibh
19,Nickolas,Lurcock,nlurcocki@xing.com,Male,15.0.79.220,ultrices posuere cubilia curae mauris viverra diam vitae quam suspendisse potenti
20,Beauregard,Leving,blevingj@exblog.jp,Male,105.122.125.150,orci eget orci vehicula condimentum curabitur in libero ut massa volutpat convallis morbi odio odio elementum eu
21,Ephraim,Comini,ecominik@creativecommons.org,Male,225.164.139.15,ligula pellentesque ultrices phasellus id sapien in sapien iaculis congue vivamus metus arcu adipiscing molestie hendrerit at
22,Serge,Warmington,swarmingtonl@a8.net,Male,31.38.85.191,molestie hendrerit at vulputate vitae nisl aenean lectus pellentesque eget nunc donec
23,Mar,Rickman,mrickmanm@ucoz.com,Male,123.145.218.101,lacus curabitur at ipsum ac tellus semper interdum mauris ullamcorper
24,Ashlan,Rycraft,arycraftn@phoca.cz,Female,27.60.25.138,sed vel enim sit amet nunc viverra dapibus nulla suscipit ligula in lacus curabitur at ipsum ac
25,Beatrice,Antonoyev,bantonoyevo@fotki.com,Female,222.35.15.241,at feugiat non pretium quis lectus suspendisse potenti in eleifend
26,Sandy,Cockshott,scockshottp@umn.edu,Female,29.121.131.207,erat eros viverra eget congue eget semper rutrum nulla nunc purus phasellus in
27,Barnie,Spieck,bspieckq@ycombinator.com,Male,83.191.46.104,turpis a pede posuere nonummy integer non velit donec diam neque vestibulum eget vulputate ut ultrices vel augue
28,Augustin,Mildmott,amildmottr@dedecms.com,Genderqueer,22.198.173.45,rutrum rutrum neque aenean auctor gravida sem praesent id massa id nisl
29,Clem,Verbeke,cverbekes@webmd.com,Male,96.55.88.58,eget orci vehicula condimentum curabitur in libero ut massa volutpat convallis morbi odio odio elementum eu interdum eu tincidunt in
30,Leland,Oene,loenet@merriam-webster.com,Female,184.8.16.13,ligula nec sem duis aliquam convallis nunc proin at turpis a pede posuere
31,Greggory,Tadman,gtadmanu@unesco.org,Male,109.228.187.124,luctus et ultrices posuere cubilia curae donec pharetra magna vestibulum aliquet
32,Tandy,Tilliard,ttilliardv@msu.edu,Polygender,169.88.229.190,integer aliquet massa id lobortis convallis tortor risus dapibus augue vel accumsan tellus nisi eu orci mauris lacinia sapien quis
33,Ondrea,Gibbens,ogibbensw@odnoklassniki.ru,Female,230.131.21.204,eleifend donec ut dolor morbi vel lectus in quam fringilla rhoncus mauris enim leo rhoncus
34,Claire,Jellett,cjellettx@npr.org,Female,237.142.247.207,in magna bibendum imperdiet nullam orci pede venenatis non sodales sed tincidunt eu
35,Patrica,Docwra,pdocwray@loc.gov,Female,57.68.189.196,volutpat quam pede lobortis ligula sit amet eleifend pede libero quis
36,Ludovico,Durrand,ldurrandz@vkontakte.ru,Male,213.204.107.140,a nibh in quis justo maecenas rhoncus aliquam lacus morbi quis tortor id
37,Brandyn,Enrietto,benrietto10@reference.com,Male,71.85.30.227,in faucibus orci luctus et ultrices posuere cubilia curae donec pharetra magna vestibulum aliquet
38,Pavel,Shury,pshury11@cyberchimps.com,Male,9.122.13.127,pede ac diam cras pellentesque volutpat dui maecenas tristique est et tempus semper est quam pharetra magna ac consequat metus
39,Korney,Radsdale,kradsdale12@adobe.com,Agender,11.31.223.56,mattis pulvinar nulla pede ullamcorper augue a suscipit nulla elit ac nulla sed vel enim sit
40,Filmer,Brugman,fbrugman13@slate.com,Male,8.194.92.208,fusce consequat nulla nisl nunc nisl duis bibendum felis sed interdum
41,Artus,McQuaker,amcquaker14@europa.eu,Male,165.194.178.43,integer non velit donec diam neque vestibulum eget vulputate ut ultrices vel augue
42,Shaughn,Clarage,sclarage15@csmonitor.com,Male,133.166.203.189,proin at turpis a pede posuere nonummy integer non velit donec diam neque vestibulum
43,Sal,Townrow,stownrow16@mit.edu,Male,186.233.158.243,porttitor id consequat in consequat ut nulla sed accumsan felis ut
44,Laurens,Suero,lsuero17@theguardian.com,Male,91.138.55.164,libero convallis eget eleifend luctus ultricies eu nibh quisque id justo sit amet sapien dignissim
45,Whitaker,Fray,wfray18@typepad.com,Male,15.202.52.204,luctus et ultrices posuere cubilia curae duis faucibus accumsan odio curabitur convallis duis consequat dui nec
46,Lodovico,Kilmurray,lkilmurray19@pbs.org,Male,133.52.192.14,in porttitor pede justo eu massa donec dapibus duis at velit eu est congue
47,Zeb,Jago,zjago1a@amazon.co.jp,Male,33.172.134.241,leo odio porttitor id consequat in consequat ut nulla sed
48,Kenyon,Kembry,kkembry1b@usda.gov,Male,57.219.244.202,ultrices phasellus id sapien in sapien iaculis congue vivamus metus arcu adipiscing molestie hendrerit at
49,Emilio,Murfill,emurfill1c@geocities.jp,Male,125.85.233.66,feugiat et eros vestibulum ac est lacinia nisi venenatis tristique fusce congue diam id ornare imperdiet sapien
50,Ruggiero,McGahy,rmcgahy1d@usda.gov,Male,174.102.12.131,magna ac consequat metus sapien ut nunc vestibulum ante ipsum primis in
51,Lou,Mulvaney,lmulvaney1e@independent.co.uk,Female,185.156.141.80,faucibus accumsan odio curabitur convallis duis consequat dui nec nisi volutpat eleifend donec ut dolor morbi
52,Rodie,Kopfer,rkopfer1f@thetimes.co.uk,Female,236.130.221.23,metus arcu adipiscing molestie hendrerit at vulputate vitae nisl aenean lectus pellentesque eget nunc donec quis orci eget orci vehicula
53,Tabbatha,Headon,theadon1g@bloglovin.com,Female,29.182.214.92,ipsum integer a nibh in quis justo maecenas rhoncus aliquam lacus morbi
54,Casper,Kleinsmuntz,ckleinsmuntz1h@time.com,Non-binary,241.198.185.114,auctor gravida sem praesent id massa id nisl venenatis lacinia aenean sit amet justo morbi ut odio cras mi
55,Felike,Meriott,fmeriott1i@nbcnews.com,Male,74.9.71.45,erat fermentum justo nec condimentum neque sapien placerat ante nulla justo aliquam quis turpis eget elit sodales scelerisque mauris
56,Jone,Startin,jstartin1j@go.com,Male,222.163.247.254,ultrices aliquet maecenas leo odio condimentum id luctus nec molestie sed justo pellentesque viverra pede ac diam cras pellentesque
57,Robbie,Bardwell,rbardwell1k@eventbrite.com,Female,31.32.82.2,pretium iaculis justo in hac habitasse platea dictumst etiam faucibus cursus urna ut tellus
58,Valida,Fordy,vfordy1l@ebay.com,Female,200.107.191.6,duis aliquam convallis nunc proin at turpis a pede posuere nonummy integer
59,Carline,Muslim,cmuslim1m@google.nl,Female,135.156.143.43,tincidunt eget tempus vel pede morbi porttitor lorem id ligula suspendisse ornare consequat lectus in est risus
60,Lindsy,Crampsy,lcrampsy1n@pbs.org,Female,196.28.176.125,lacus at turpis donec posuere metus vitae ipsum aliquam non mauris morbi non lectus aliquam sit amet diam
61,Lorain,Daveran,ldaveran1o@tinypic.com,Female,32.161.81.252,sit amet turpis elementum ligula vehicula consequat morbi a ipsum integer
62,Joelie,Babbage,jbabbage1p@businessinsider.com,Female,40.16.148.236,penatibus et magnis dis parturient montes nascetur ridiculus mus etiam
63,Rob,Camble,rcamble1q@theguardian.com,Male,46.16.134.71,et ultrices posuere cubilia curae mauris viverra diam vitae quam suspendisse potenti nullam porttitor lacus at turpis donec posuere metus
64,Pete,Butterfint,pbutterfint1r@globo.com,Male,103.180.67.203,pede ullamcorper augue a suscipit nulla elit ac nulla sed vel enim sit amet nunc viverra
65,Camey,McCorrie,cmccorrie1s@scribd.com,Bigender,160.40.98.81,in congue etiam justo etiam pretium iaculis justo in hac habitasse platea dictumst etiam faucibus
66,Charlton,Rattenberie,crattenberie1t@bbc.co.uk,Genderqueer,225.201.157.166,euismod scelerisque quam turpis adipiscing lorem vitae mattis nibh ligula nec sem duis aliquam convallis nunc proin
67,Wayne,Squelch,wsquelch1u@statcounter.com,Male,34.162.46.167,tellus semper interdum mauris ullamcorper purus sit amet nulla quisque arcu libero rutrum ac lobortis vel dapibus at diam nam
68,Dusty,Orknay,dorknay1v@google.cn,Female,164.168.241.160,mollis molestie lorem quisque ut erat curabitur gravida nisi at nibh in hac habitasse platea dictumst aliquam augue quam sollicitudin
69,Marietta,Henrych,mhenrych1w@posterous.com,Male,144.205.241.125,nonummy maecenas tincidunt lacus at velit vivamus vel nulla eget eros elementum pellentesque quisque porta volutpat
70,Seward,Wines,swines1x@dion.ne.jp,Male,179.111.158.128,justo eu massa donec dapibus duis at velit eu est congue elementum in hac habitasse platea dictumst morbi
71,Brandie,Dishmon,bdishmon1y@accuweather.com,Female,43.198.111.81,velit donec diam neque vestibulum eget vulputate ut ultrices vel augue
72,Krispin,Hawkes,khawkes1z@goo.gl,Male,25.243.0.47,amet nunc viverra dapibus nulla suscipit ligula in lacus curabitur at ipsum ac tellus semper interdum mauris ullamcorper purus sit
73,Lenci,Quarrie,lquarrie20@hexun.com,Male,128.155.226.204,convallis tortor risus dapibus augue vel accumsan tellus nisi eu orci mauris lacinia
74,Ettie,Mew,emew21@oakley.com,Female,241.248.54.155,erat curabitur gravida nisi at nibh in hac habitasse platea
75,Van,Snook,vsnook22@qq.com,Male,61.219.61.202,tortor risus dapibus augue vel accumsan tellus nisi eu orci
76,Olenolin,Mulroy,omulroy23@latimes.com,Male,226.135.112.198,mauris lacinia sapien quis libero nullam sit amet turpis elementum ligula vehicula consequat morbi a
77,Annabelle,Feuell,afeuell24@miibeian.gov.cn,Female,67.132.7.234,blandit lacinia erat vestibulum sed magna at nunc commodo placerat praesent blandit nam nulla integer pede justo lacinia eget
78,Freeland,Davydenko,fdavydenko25@dmoz.org,Male,142.8.61.193,non mauris morbi non lectus aliquam sit amet diam in magna bibendum imperdiet
79,Dolf,Norkett,dnorkett26@weather.com,Male,171.106.145.215,in magna bibendum imperdiet nullam orci pede venenatis non sodales sed tincidunt eu felis fusce posuere
80,Murry,Kettridge,mkettridge27@pagesperso-orange.fr,Male,89.26.132.166,non mi integer ac neque duis bibendum morbi non quam nec
81,Neill,Bockett,nbockett28@moonfruit.com,Male,178.228.106.179,lacus morbi quis tortor id nulla ultrices aliquet maecenas leo odio condimentum id luctus nec molestie sed justo pellentesque viverra
82,Erroll,Cressy,ecressy29@uol.com.br,Male,80.2.18.106,hendrerit at vulputate vitae nisl aenean lectus pellentesque eget nunc donec quis orci eget orci
83,Yorgos,Ropcke,yropcke2a@census.gov,Male,15.186.0.137,maecenas rhoncus aliquam lacus morbi quis tortor id nulla ultrices aliquet maecenas leo
84,Freddy,Sirey,fsirey2b@bandcamp.com,Female,239.243.25.52,rutrum rutrum neque aenean auctor gravida sem praesent id massa id
85,Irita,Tamplin,itamplin2c@tmall.com,Female,244.230.38.59,quis orci nullam molestie nibh in lectus pellentesque at nulla suspendisse potenti
86,Sol,Iacopo,siacopo2d@hugedomains.com,Male,148.13.113.71,justo nec condimentum neque sapien placerat ante nulla justo aliquam quis turpis eget
87,Waiter,Flemmich,wflemmich2e@archive.org,Male,119.196.69.233,odio curabitur convallis duis consequat dui nec nisi volutpat eleifend donec ut
88,Gayle,Korba,gkorba2f@japanpost.jp,Female,101.227.66.137,penatibus et magnis dis parturient montes nascetur ridiculus mus etiam vel augue vestibulum rutrum rutrum
89,Aeriel,Januszewski,ajanuszewski2g@europa.eu,Female,44.187.117.9,etiam justo etiam pretium iaculis justo in hac habitasse platea dictumst
90,Frazier,Pickworth,fpickworth2h@pcworld.com,Male,192.241.214.249,posuere cubilia curae mauris viverra diam vitae quam suspendisse potenti nullam porttitor lacus at turpis donec posuere metus vitae
91,Rafi,Karolczyk,rkarolczyk2i@ca.gov,Male,58.176.232.103,consequat morbi a ipsum integer a nibh in quis justo maecenas rhoncus aliquam lacus morbi quis tortor id nulla
92,Dante,Rymell,drymell2j@cpanel.net,Male,154.34.140.144,lorem ipsum dolor sit amet consectetuer adipiscing elit proin interdum mauris non ligula pellentesque
93,Darla,Feely,dfeely2k@unc.edu,Female,234.119.129.183,montes nascetur ridiculus mus vivamus vestibulum sagittis sapien cum sociis natoque penatibus et magnis dis parturient montes
94,Seymour,Densey,sdensey2l@51.la,Male,13.211.116.247,in tempus sit amet sem fusce consequat nulla nisl nunc
95,Alano,Blague,ablague2m@ftc.gov,Male,194.113.170.18,faucibus orci luctus et ultrices posuere cubilia curae duis faucibus accumsan odio curabitur convallis duis consequat dui nec nisi
96,Bartlett,Trounce,btrounce2n@bandcamp.com,Male,41.31.216.254,eleifend quam a odio in hac habitasse platea dictumst maecenas ut massa quis augue luctus tincidunt nulla mollis molestie lorem
97,Mandel,Silliman,msilliman2o@google.com.br,Male,92.27.219.21,aenean auctor gravida sem praesent id massa id nisl venenatis lacinia aenean sit
98,Gerrard,Moxon,gmoxon2p@wikispaces.com,Male,58.246.131.46,id justo sit amet sapien dignissim vestibulum vestibulum ante ipsum primis in faucibus orci
99,Meryl,Rossey,mrossey2q@sun.com,Female,26.223.20.51,ante vestibulum ante ipsum primis in faucibus orci luctus et ultrices posuere cubilia curae duis
100,Sholom,Bengtsen,sbengtsen2r@google.co.jp,Male,39.44.28.105,cubilia curae mauris viverra diam vitae quam suspendisse potenti nullam
